{"cameraMode":{"drawMode":0,"name":"Shaded","section":"Shading Mode"},"sceneLighting":true,"audioPlay":false,"sceneViewState":{"showFog":false,"showMaterialUpdate":false,"showSkybox":false,"showFlares":false,"showImageEffects":false,"showParticleSystems":false},"in2DMode":false,"pivot":{"x":216.512451171875,"y":-143.1134490966797,"z":143.76622009277345},"rotation":{"x":-0.2287236750125885,"y":-0.424552321434021,"z":0.11175905168056488,"w":-0.8688790202140808},"size":404.0458679199219,"orthographic":false}